Email,Company,Group
3sharecorp,3sharecorp,Digitas Consumer RB Full Access
arcww,ARC,ARC Consumer RB Full Access
beaconcom,Beacon,Prodigious Consumer RB Full Access
carre-noir,Carre Noir,Publicis WW Consumer RB Full Access
cloud14,Cloud 14,Leo Burnett Consumer RB Full Access
conill,Connill,Saatchi Consumer RB Full Access
digitas,Digitas,Digitas Consumer RB Full Access
liquorice,Digitas Liquorice ,Digitas Consumer RB Full Access 
digitaspixelpark,Digitas Pixelpark,Digitas Consumer RB Full Access
dpzt,DPZT,Publicis WW Consumer RB Full Access
dsplus,DS Plus,Saatchi Consumer RB Full Access
essense,Essense,Saatchi Consumer RB Full Access
fallon,Fallon,Fallon Consumer RB Full Access
groupeconnect,Groupe Connect,Groupe Connect Consumer RB Full Access
harborpicturecompany,Harbor Productions,Harbor CONTENT MANAGER RB Full Access
lapizusa,Lapiz,Leo Burnett Consumer RB Full Access
leoburnett,Leo Burnett,Leo Burnett Consumer RB Full Access
digitaslbi,LBI,Digitas Consumer RB Full Access
marcelww,Marcel,Publicis WW Consumer RB Full Access
marcel,Marcel,Publicis WW Consumer RB Full Access
metadesign,MetaDesign,Leo Burnett Consumer RB Full Access
mslgroup,MSL Group,MSL Consumer RB Full Access 
pgonecommerce,PG One Commerce,Saatchi Consumer RB Full Access
prodigious,Prodigious,Prodigious Consumer RB Full Access
thepubproductions,PubProductions,NA Production Consumer RB Full Access
publicisactiv,Publicis Activ,Publicis WW Consumer RB Full Access
conseil,Publicis Conseil,Publicis WW Consumer RB Full Access
publicisdialog,Publicis Dialog,Publicis WW Consumer RB Full Access
publicismachine,Publicis Machine,Publicis WW Consumer RB Full Access
touchpoint,Publicis Touchpoint Solutions,Publicis WW Consumer RB Full Access
publicisworldwide,Publicis WW,Publicis WW Consumer RB Full Access
rokkan,Rokkan,Leo Burnett Consumer RB Full Access
saatchi,Saatchi and Saatchi,Saatchi Consumer RB Full Access
interactive-solutions,Saatchi and Saatchi,Saatchi Consumer RB Full Access
saatchiwellness,Saatchi Wellness,Pub Com Consumer RB Full Access
teamone-usa,Saatchi and Saatchi,Saatchi Consumer RB Full Access
thepubproductions,ThePubProduction,NA Production Consumer RB Full Access
tpmcomm,Saatchi and Saatchi,Saatchi Consumer RB Full Access
translateplus,Translate Plus,Prodigious Consumer RB Full Access